{
	"format_version": "1.19.0",
	"minecraft:item": {
		"description": {
			"identifier": "fq:espejo_magico",
			"category": "equipment"
		},
		"components": {
			"minecraft:max_stack_size": 2,
			"minecraft:display_name": {
				"value": "Espejo Magico"
			},
			"minecraft:weapon": {
				"on_hurt_entity": {
					"event": "dmg"
				}
			},
			"minecraft:damage": 5,
			"minecraft:durability": {
				"max_durability": 5000,
				"damage_chance": {
					"min": 5,
					"max": 10
				}
			},
			"minecraft:use_duration": 7,
			"minecraft:on_use": {
				"on_use": {
					"event": "tp"
				}
			},
			"minecraft:icon": {
				"texture": "fq_espejo_magico"
			},
			"minecraft:repairable": {
				"repair_items": [
					{
						"repair_amount": "2500",
						"items": [
							"minecraft:diamond_block"
						]
					}
				]
			}
		},
		"events": {
			"tp": {
				"sequence": [
					{
						"swing": {},
						"run_command": {
							"target": "holder",
							"command": "/tp @p 2000 64 2000"
						}
					},
					{
						"damage": {
							"type": "magic",
							"amount": 5,
							"target": "self"
						}
					}
				]
			},
			"dmg": {
				"damage": {
					"type": "magic",
					"amount": 1,
					"target": "self"
				}
			}
		}
	}
}