{
	"format_version": "1.19.0",
	"minecraft:item": {
		"description": {
			"identifier": "fq:huevo_dios",
			"category": "nature"
		},
		"components": {
			"minecraft:icon": {
				"texture": "fq_huevo_dios"
			},
			"minecraft:food": {
				"nutrition": 15,
				"saturation_modifier": 1,
				"can_always_eat": true,
				"on_consume": {
					"event": "eat"
				}
			},
			"minecraft:use_duration": 1.6,
			"minecraft:use_animation": "eat",
			"minecraft:foil": true
		},
		"events": {
			"eat": {
				"sequence": [
					{
						"add_mob_effect": {
							"target": "holder",
							"effect": "regeneration",
							"amplifier": 2,
							"duration": 100
						}
					},
					{
						"add_mob_effect": {
							"target": "holder",
							"effect": "resistance",
							"amplifier": 2,
							"duration": 100
						}
					},
					{
						"add_mob_effect": {
							"target": "holder",
							"effect": "saturation",
							"amplifier": 2,
							"duration": 100
						}
					},
					{
						"add_mob_effect": {
							"target": "holder",
							"effect": "absorption",
							"amplifier": 8,
							"duration": 100
						}
					},
					{
						"add_mob_effect": {
							"target": "holder",
							"effect": "speed",
							"amplifier": 2,
							"duration": 100
						}
					},
					{
						"add_mob_effect": {
							"target": "holder",
							"effect": "instant_health",
							"amplifier": 5,
							"duration": 100
						}
					}
				]
			}
		}
	}
}